{
  "Wapar_last": 0.0,
  "Wg_last": 117.20905285174541,
  "Wphi_last": 1.4480187821312067,
  "dt_mean": 0.05025671049952507,
  "gamma_last": -1.9277484730272132,
  "heat_flux_last": 5.092115098827723,
  "kind": "nonlinear",
  "kx_selected": 0.0,
  "ky_selected": 0.047619047619047616,
  "n_samples": 80,
  "n_state_shape": null,
  "omega_last": -4.356625663467442,
  "particle_flux_last": 0.0,
  "t_last": 198.07754516601562
}
